"Book Name (markdown file)","Author","Year","Type","One-sentence description","Published title (reference)"
"467921465-Skanda-Purana-13-AITM.md","Not named in file (Motilal Banarsidass, AITM series)","1955","Scriptural / Purāṇic","An English translation of part of the Skanda-Purāṇa, supplying the Purāṇic and sacred-geography register rather than event-history.","The Skanda-Purāṇa, Part XIII"
"806955603-The-Temple-Architecture-of-India-Adam-Hardy.md","Adam Hardy","2007","Art-historical monograph","A survey of Nagara and Dravida temple architecture whose chapter on Bhūmija temples places the Udayeśvara at the summit of that mode.","The Temple Architecture of India"
"Betwa_Streamflow.md","Amit Kumar et al.","2023","Scientific paper","A hydrological study of the Betwa catchment and the main technical source on the river's seasonal and long-term flow behaviour.","Streamflow of the Betwa River under the Combined Effect of LU-LC and Climate Change"
"bhoja-paramara-and-his-times.md","Mahesh Singh","1984","Dynastic history","A monograph on Bhoja's reign, court and cultural world; also the only source in the corpus that calls Udayāditya Bhoja's nephew.","Bhoja Paramara and His Times"
"bhojdev.md","Not named in file","Not stated","Hindi literary study","A Hindi study of Bhoja as a literary and intellectual figure, quoting heavily from Sanskrit sources in Devanagari and IAST.","भोजदेव (Bhojadeva)"
"Geo-Heritage of Udaypur - The Third Eye.md","INTACH Bhopal","c. 2024","Technical survey","INTACH Bhopal's drone and total-station survey of the Udaypur hill, fort wall, geology and colossal Naṭarāja — the authority for all site measurements.","Geo-Heritage of Udaypur: The Third Eye"
"iconography of hindus, buddhists and jains Gupte.md","R. S. Gupte","1972","Art-historical reference","A systematic iconographic handbook used to identify the deities, attributes and postures carved on temple walls.","Iconography of the Hindus, Buddhists and Jains"
"Intach Udaypur (1).md","INTACH Bhopal","2022","Heritage listing / survey","INTACH Bhopal's first Udaypur volume, listing roughly fifty heritage structures with GPS points, inscriptions and condition notes.","The Architectural Splendor of Udaypur"
"Jagta_Hua_Kasba_EN.md","VMT (per your brief; addressed as 'Vijay ji' in the text)","c. 2021–22","Local reportage / testimony","A first-person heritage-walk account of Udaypur, self-described as a work of opinion, and the main source for present-day village life and folklore.","Jagta Hua Kasba / कथा उदयपुर — English translation"
"Jagta_Hua_Kasba_OCR_text.md","VMT (per your brief)","c. 2021–22","Local reportage / testimony","The Devanagari original of the same reportage, useful for direct quotation and for checking the translation.","कथा उदयपुर (Jagta Hua Kasba) — Hindi original"
"Long-termhistoricchangesinclimaticvariablesofBetwa.md","Shakti Suryavanshi, Ashish Pandey, Umesh Chandra Chaube, Nitin Joshi","2013","Scientific paper","A climatological analysis of the Betwa basin over a 1901–2003 series, covering the rainfall and temperature trends behind the region's monsoon regime.","Long-term historic changes in climatic variables of Betwa Basin, India"
"madhya-bharat-cultural-heritage.md","D. R. Patil","1952","Regional history","A short official survey of Madhya Bharat's history and antiquities, and an early printed notice of the Udayeśvara foundation.","The Cultural Heritage of Madhya Bharat"
"madhya-bharat-inscriptions-and-shrines.md","D. R. Patil","1952","Regional history (composite)","A composite volume whose Part I reproduces Patil's 1952 text, with added material on shrines, temple architecture and inscriptions.","Archaeological & Cultural Heritage of Madhya Bharat: Shrines, Architecture, and Inscriptions"
"madhya-bharat-temples-and-architecture.md","D. R. Patil","1952","Regional history (composite)","Another composite of the same Patil text, bundled with the whole of 'Some Paramāra Temples' — note the overlap when counting sources.","The Cultural Heritage of Madhya Bharat — temples and architecture"
"paramara-dynasty-comprehensive-history.md","D. C. Ganguly (inferred — no title page survives)","1933 (inferred)","Dynastic history","The standard scholarly history of the dynasty and the authority for chronology, genealogy and the reign of Udayāditya.","History of the Paramāra Dynasty"
"parmar-rajput-dynasty-origins.md","Not captured in the extraction","2025","Journal article","A short recent article on Parmar origins and the agnikula myth, published in The Academic: International Journal of Multidisciplinary Research.","History of the Parmar Rajput Dynasty"
"Raja_Bhoj_Aur_Parmarkaleen_EN.md","Bhagwatilal Rajpurohit","Not stated","Regional history (translation)","An English rendering of a Hindi study of Bhoja and Paramāra-period town planning and architecture.","King Bhoj and Paramara-period Town Architecture (Raja Bhoj aur Parmarkaleen Nagar Sthapatya)"
"samarangana-sutradhara.md","Traditionally attributed to Bhoja (not stated in the file)","11th century","Primary Sanskrit text","The Śilpaśāstra traditionally ascribed to Bhoja and one of the earliest texts to describe the Bhūmija temple form; the largest file in the corpus.","Samarāṅgaṇa-sūtradhāra"
"serpentine-scimitar-inscription-udaypur.md","Saarthak Singh","2023","Primary epigraphy","A study of a newly discovered Udaypur inscription — a Sanskrit grammar chart coiled inside the body of a serpent.","A serpentine scimitar of letters from Udaypur, district Vidisha, M.P."
"Some Paramara Templess.md","Swati Mondal Adhikari","2013","Art-historical monograph","A study of Paramāra temples centred on the village of Un, with comparative material on the Bhūmija style and the dynasty's decline.","Some Paramāra Temples From Madhya Pradesh: A Case Study of Village Un"
"Temple_Economics.md","Sandeep Singh","c. 2024","Contemporary policy tract","A modern argument for temple-centred economic development — NOT about Udaypur, and excluded from the research to prevent false matches.","Temple Economics: Arthvyavstha of Mandir (Volume I)"
"Temples_of_India.md","Krishna Deva (inferred from ASI call no. 726.145/Kri)","1969","Art-historical survey","A concise national survey of North Indian temple styles that treats the Udayeśvara as the finest Paramāra example.","Temples of North India"
"The Hindu Temple Vol 1 Stella Kramrisch.md","Stella Kramrisch","1946","Art-historical monograph","The first volume of the classic study of temple form and symbolism, including a measured plan of the Udayeśvara.","The Hindu Temple, Volume I"
"The Hindu Temple Vol 2.md","Stella Kramrisch","1946","Art-historical monograph","The second volume, covering mouldings, imagery and plates, with the Udayeśvara among its illustrated examples.","The Hindu Temple, Volume II"
"The Udayesvara Temple - Anupa Pande.md","Anupa Pande","Not stated","Art-historical monograph","The full 199-page monograph on the temple — plan, sculpture, Śaiva Siddhānta theology and Śilpaśāstra translations — and the primary authority on the building.","The Udayeśvara Temple: Art, Architecture and Philosophy of the Śaiva Siddhānta"
"udayesvara-temple-art-architecture.md","Anupa Pande","Not stated","Art-historical monograph (summary)","A roughly 20-page condensation of the same Pande monograph, useful for orientation but carrying conclusions without the supporting plates and argument.","The Udayeśvara Temple: Art, Architecture and Philosophy of the Śaiva Siddhānta (condensed)"
"vidisha-district-gazetteer.md","P. N. Shrivastav and Rajendra Verma","1979","Gazetteer","The official district compilation and the baseline for geography, demography, agriculture, communities and administration.","Madhya Pradesh District Gazetteers: Vidisha"
